{
  "R2": 0.9849323829032778,
  "MAE": 56217.38809702474,
  "MSE": 7714094842.361076,
  "RMSE": 87829.91997241644
}