{
  "R2": 0.9773365257644872,
  "MAE": 59216.92150178495,
  "MSE": 12445469489.750286,
  "RMSE": 111559.26447297099
}