{
  "R2": 0.9817665108820838,
  "MAE": 57417.20145892882,
  "MSE": 9606644701.316763,
  "RMSE": 98013.4924452586
}