{
  "R2": 0.9776436440372831,
  "MAE": 61728.94572669719,
  "MSE": 11445675126.925005,
  "RMSE": 106984.46208176683
}