{
  "R2": 0.9813046577098555,
  "MAE": 59297.41085354758,
  "MSE": 10266400890.46196,
  "RMSE": 101323.24950603371
}