{
  "R2": 0.979171325107555,
  "MAE": 60756.33177743734,
  "MSE": 10973965432.339787,
  "RMSE": 104756.69636037492
}