{
  "R2": 0.9734706496311153,
  "MAE": 76941.2211265395,
  "MSE": 13582102832.724823,
  "RMSE": 116542.27916393614
}