{
  "R2": 0.9750008338038212,
  "MAE": 76628.31048021585,
  "MSE": 13171264475.095963,
  "RMSE": 114766.12947684505
}