{
  "R2": 0.9771370556558611,
  "MAE": 76158.94451073038,
  "MSE": 12555006938.652674,
  "RMSE": 112049.12734444956
}