{
  "R2": 0.9763236962949328,
  "MAE": 69582.71591421218,
  "MSE": 12474290360.124136,
  "RMSE": 111688.36268888597
}