{
  "R2": 0.9753232157359641,
  "MAE": 70588.09652161428,
  "MSE": 13551062933.765535,
  "RMSE": 116409.03287015804
}