{
  "R2": 0.9770366362146586,
  "MAE": 68912.4621759441,
  "MSE": 11756441977.696539,
  "RMSE": 108427.12749905596
}