{
  "R2": 0.9876480583428188,
  "MAE": 52027.55215754857,
  "MSE": 6323763659.453162,
  "RMSE": 79522.09541663979
}