{
  "R2": 0.9778543201683738,
  "MAE": 59401.38226780785,
  "MSE": 12161126745.62517,
  "RMSE": 110277.49881832273
}