{
  "R2": 0.9835657006893479,
  "MAE": 54977.08420165229,
  "MSE": 8658708893.921965,
  "RMSE": 93052.18371388156
}